"POPTR_0005s05440.1";63;"G";"A/G";"54,5/45,5";"6/5";11
"POPTR_0005s05440.1";70;"C";"G";"100,0";12;12
"POPTR_0005s05440.1";76;"C";"C/G";"56,2/43,8";"9/7";16
"POPTR_0005s05440.1";168;"A";"T";"100,0";19;19
"POPTR_0005s05440.1";177;"C";"C/T";"52,6/47,4";"10/9";19
"POPTR_0005s05440.1";239;"G";"A/G";"57,1/42,9";"12/9";21
"POPTR_0005s05440.1";265;"C";"G";"100,0";16;16
"POPTR_0005s05440.1";471;"T";"A/T";"58,3/41,7";"7/5";12
"POPTR_0005s05440.1";586;"A";"A/G";"72,7/27,3";"8/3";11
"POPTR_0005s05440.1";719;"C";"T/C";"62,5/37,5";"10/6";16
"POPTR_0005s05440.1";740;"A";"A/G";"54,5/45,5";"6/5";11
"POPTR_0005s05440.1";790;"G";"A";"100,0";14;14
"POPTR_0005s05440.1";862;"A";"A/G";"71,4/28,6";"10/4";14
"POPTR_0005s05440.1";900;"C";"A";"100,0";20;20
"POPTR_0005s05440.1";912;"T";"T/A";"66,7/33,3";"12/6";18
"POPTR_0005s05440.1";919;"G";"A/G";"57,9/42,1";"11/8";19
"POPTR_0005s13950.1";117;"G";"C";"100,0";14;14
"POPTR_0005s13950.1";120;"C";"T/C";"54,5/45,5";"6/5";11
"POPTR_0005s13950.1";134;"A";"T/A";"60,0/40,0";"6/4";10
"POPTR_0005s13950.1";201;"A";"A/C";"46,2/46,2";"6/6";13
"POPTR_0005s13950.1";644;"G";"T/G";"60,0/40,0";"6/4";10
"POPTR_0005s13950.1";808;"G";"G/A";"60,0/40,0";"6/4";10
"POPTR_0005s13950.1";894;"C";"T/C";"54,5/45,5";"6/5";11
"POPTR_0005s13950.1";1143;"G";"G/A";"69,2/30,8";"9/4";13
"POPTR_0005s13950.1";1209;"C";"A/C";"80,0/20,0";"8/2";10
"POPTR_0005s13950.1";1401;"C";"C/T";"80,0/20,0";"8/2";10
"POPTR_0005s13950.1";1631;"A";"T/A";"61,5/38,5";"8/5";13
"POPTR_0005s13950.1";2145;"T";"C";"100,0";10;10
"POPTR_0005s17100.1";36;"A";"G";"100,0";24;24
"POPTR_0005s17100.1";253;"T";"A";"100,0";51;51
"POPTR_0005s17100.1";319;"T";"C";"98,9";90;91
"POPTR_0005s17100.1";374;"C";"A/C";"52,6/47,4";"40/36";76
"POPTR_0005s17100.1";432;"G";"A";"98,9";88;89
"POPTR_0005s17100.1";688;"A";"A/G";"57,1/42,9";"48/36";84
"POPTR_0005s17100.1";711;"C";"C/T";"57,7/42,3";"45/33";78
"POPTR_0005s17100.1";1128;"T";"C/T";"62,9/37,1";"22/13";35
"POPTR_0005s17100.1";1191;"C";"C/G";"56,8/43,2";"63/48";111
"POPTR_0005s17100.1";1281;"C";"C/T";"52,0/48,0";"26/24";50
"POPTR_0005s17100.1";1323;"A";"T/A";"54,8/45,2";"17/14";31
"POPTR_0005s17100.1";1365;"C";"C/T";"54,5/45,5";"67/56";123
"POPTR_0005s17100.1";1425;"C";"C/T";"62,2/37,8";"23/14";37
"POPTR_0005s17100.1";1474;"A";"G/A";"52,2/47,8";"24/22";46
"POPTR_0005s17100.1";1534;"T";"A";"100,0";80;80
"POPTR_0005s17100.1";1639;"A";"G/A";"59,2/40,8";"29/20";49
"POPTR_0005s17100.1";1678;"G";"G/T";"78,6/21,4";"11/3";14
"POPTR_0005s17100.1";1679;"A";"A/C";"78,6/21,4";"11/3";14
"POPTR_0005s17100.1";1685;"G";"A";"100,0";20;20
"POPTR_0005s17100.1";1695;"A";"A/C";"50,0/50,0";"21/21";42
"POPTR_0005s17100.1";1755;"C";"C/T";"53,0/47,0";"44/39";83
"POPTR_0005s17100.1";1820;"C";"T/C";"50,5/49,5";"47/46";93
"POPTR_0005s17100.1";1870;"G";"A";"100,0";66;66
"POPTR_0005s17100.1";1980;"C";"C/T";"52,4/47,6";"44/40";84
"POPTR_0005s17100.1";1998;"G";"A/G";"50,6/49,4";"45/44";89
"POPTR_0005s03930.1";394;"T";"G/T";"76,9/23,1";"10/3";13
"POPTR_0005s03930.1";429;"C";"T";"90,9";10;11
"POPTR_0005s03930.1";442;"T";"T/A";"83,3/16,7";"10/2";12
"POPTR_0017s01840.1";117;"A";"T";"100,0";10;10
"POPTR_0017s01840.1";273;"T";"G";"100,0";10;10
"POPTR_0017s01840.1";387;"A";"A/T";"59,1/40,9";"13/9";22
"POPTR_0017s01840.1";417;"T";"T/C";"57,1/42,9";"8/6";14
"POPTR_0017s01840.1";596;"A";"A/G";"83,3/16,7";"15/3";18
"POPTR_0017s01840.1";599;"G";"G/A";"72,2/27,8";"13/5";18
"POPTR_0017s01840.1";691;"G";"G/A";"70,0/30,0";"7/3";10
"POPTR_0017s01840.1";829;"T";"G";"100,0";15;15
"POPTR_0017s01840.1";965;"A";"A/T";"64,3/35,7";"9/5";14
"POPTR_0017s01840.1";966;"T";"C/T";"66,7/33,3";"10/5";15
"POPTR_0017s01840.1";1183;"C";"T";"100,0";18;18
"POPTR_0017s01840.1";1190;"C";"G";"100,0";18;18
"POPTR_0017s01840.1";1338;"C";"C/T";"60,0/40,0";"6/4";10
"POPTR_0017s01840.1";1366;"C";"A";"100,0";17;17
"POPTR_0017s01840.1";1432;"T";"T/C";"70,8/29,2";"17/7";24
"POPTR_0017s01840.1";1548;"G";"A";"100,0";15;15
"POPTR_0017s01840.1";1557;"T";"T/C";"73,3/26,7";"11/4";15
"POPTR_0017s01840.1";1589;"A";"C/A";"54,5/45,5";"12/10";22
"POPTR_0017s01840.1";1755;"T";"C";"100,0";10;10
"POPTR_0017s01840.1";1775;"T";"C";"100,0";11;11
"POPTR_0017s01840.1";1828;"A";"G";"100,0";12;12
"POPTR_0017s05660.1";43;"C";"A";"100,0";32;32
"POPTR_0017s05660.1";78;"A";"T";"100,0";20;20
"POPTR_0017s05660.1";93;"C";"A/C";"50,0/50,0";"7/7";14
"POPTR_0017s05660.1";108;"C";"C/T";"71,4/28,6";"10/4";14
"POPTR_0017s05660.1";116;"A";"G";"100,0";14;14
"POPTR_0017s05660.1";216;"G";"G/A";"63,6/36,4";"14/8";22
"POPTR_0017s05660.1";235;"G";"A";"100,0";19;19
"POPTR_0017s05660.1";247;"G";"C";"100,0";17;17
"POPTR_0017s05660.1";285;"A";"T";"100,0";10;10
"POPTR_0017s05660.1";350;"A";"A/G";"61,9/38,1";"13/8";21
"POPTR_0017s05660.1";386;"C";"C/T";"55,6/44,4";"10/8";18
"POPTR_0017s05660.1";394;"A";"A/G";"70,6/29,4";"12/5";17
"POPTR_0017s05660.1";418;"G";"A";"100,0";10;10
"POPTR_0017s05660.1";446;"C";"T";"100,0";22;22
"POPTR_0017s05660.1";498;"T";"G";"100,0";16;16
"POPTR_0021s00750.1";209;"C";"T/C";"61,1/38,9";"11/7";18
"POPTR_0021s00750.1";312;"A";"A/G";"54,5/45,5";"6/5";11
"POPTR_0021s00750.1";507;"G";"T/G";"72,7/27,3";"8/3";11
"POPTR_0021s00750.1";523;"C";"C/A";"58,8/41,2";"10/7";17
"POPTR_0021s00750.1";846;"A";"T";"100,0";18;18
"POPTR_0021s00750.1";849;"A";"C/A";"64,7/35,3";"11/6";17
"POPTR_0021s00750.1";1006;"A";"A/G";"81,8/18,2";"9/2";11
"POPTR_0021s00750.1";1266;"T";"T/C";"62,5/37,5";"10/6";16
"POPTR_0021s00750.1";1395;"A";"A/G";"53,8/46,2";"7/6";13
"POPTR_0021s00750.1";1434;"A";"A/G";"75,0/25,0";"12/4";16
"POPTR_0021s00750.1";1443;"G";"A";"100,0";18;18
"POPTR_0021s00750.1";1532;"A";"A/G";"70,0/30,0";"7/3";10
"POPTR_0003s08310.1";205;"T";"T/C";"80,0/20,0";"8/2";10
"POPTR_0013s12070.1";192;"A";"A/G";"80,0/20,0";"8/2";10
"POPTR_0013s12070.1";3507;"G";"G/A";"58,3/41,7";"7/5";12
"POPTR_0013s12070.1";4776;"A";"A/G";"50,0/50,0";"5/5";10
"POPTR_0004s15540.1";2454;"T";"C";"100,0";14;14
"POPTR_0004s15540.1";2470;"G";"A/G";"62,5/37,5";"10/6";16
"POPTR_0004s15540.1";2585;"A";"A/T";"81,2/18,8";"13/3";16
"POPTR_0004s15540.1";2662;"A";"A/G";"75,0/25,0";"9/3";12
"POPTR_0004s23950.1";1377;"C";"T";"100,0";10;10
"POPTR_0009s04910.1";202;"A";"C/A";"62,5/37,5";"10/6";16
"POPTR_0012s04010.1";30;"T";"A/T";"65,2/34,8";"15/8";23
"POPTR_0012s04010.1";75;"T";"T/C";"75,9/20,7";"22/6";29
"POPTR_0012s04010.1";101;"T";"T/C";"75,0/16,7";"9/2";12
"POPTR_0012s04010.1";116;"C";"A/C";"64,7/35,3";"11/6";17
"POPTR_0012s04010.1";357;"C";"C/T";"54,5/45,5";"30/25";55
"POPTR_0012s04010.1";396;"C";"C/T";"50,0/50,0";"34/34";68
"POPTR_0012s04010.1";406;"C";"C/A";"53,6/46,4";"37/32";69
"POPTR_0012s04010.1";409;"C";"C/A";"50,7/49,3";"38/37";75
"POPTR_0012s04010.1";477;"C";"C/T";"57,6/42,4";"38/28";66
"POPTR_0012s04010.1";513;"C";"G/C";"58,8/41,2";"47/33";80
"POPTR_0012s04010.1";588;"T";"G/T";"50,0/48,2";"28/27";56
"POPTR_0012s04010.1";621;"T";"C/T";"51,7/48,3";"31/29";60
"POPTR_0012s04010.1";627;"T";"C/T";"52,5/47,5";"31/28";59
"POPTR_0012s04010.1";642;"G";"G/T";"52,5/47,5";"31/28";59
"POPTR_0012s04010.1";678;"C";"C/T";"56,9/43,1";"33/25";58
"POPTR_0012s04010.1";681;"T";"T/C";"52,5/47,5";"32/29";61
"POPTR_0012s04010.1";733;"T";"A";"100,0";86;86
"POPTR_0012s04010.1";786;"G";"T";"100,0";34;34
"POPTR_0012s04010.1";885;"T";"A/T";"64,1/35,9";"25/14";39
"POPTR_0012s04010.1";926;"C";"T";"100,0";40;40
"POPTR_0012s07850.1";100;"G";"C/G";"66,7/33,3";"8/4";12
"POPTR_0012s07850.1";777;"C";"C/A";"66,7/33,3";"8/4";12
"POPTR_0012s07850.1";1047;"T";"G";"100,0";18;18
"POPTR_0012s07850.1";1077;"A";"A/G";"51,5/48,5";"17/16";33
"POPTR_0012s07850.1";1123;"T";"T/C";"80,0/20,0";"12/3";15
"POPTR_0015s05400.1";45;"T";"C";"100,0";10;10
"POPTR_0015s05400.1";216;"A";"G";"100,0";15;15
"POPTR_0015s05400.1";264;"G";"C";"100,0";17;17
"POPTR_0015s05400.1";297;"T";"G";"85,7";12;14
"POPTR_0015s05400.1";363;"C";"C/T";"82,6/17,4";"19/4";23
"POPTR_0015s05400.1";365;"G";"G/T";"82,6/17,4";"19/4";23
"POPTR_0015s05400.1";441;"A";"G";"94,1";16;17
"POPTR_0015s05400.1";594;"T";"C";"92,9";13;14
"POPTR_0015s05400.1";669;"C";"T";"100,0";14;14
"POPTR_0015s05400.1";736;"T";"C/T";"80,0/20,0";"20/5";25
"POPTR_0015s08320.1";85;"T";"C/T";"66,7/33,3";"12/6";18
"POPTR_0015s08320.1";210;"A";"G";"100,0";23;23
"POPTR_0015s08320.1";368;"G";"T";"100,0";16;16
"POPTR_0015s08320.1";474;"A";"G/A";"52,4/47,6";"11/10";21
"POPTR_0015s08320.1";852;"C";"C/T";"60,9/39,1";"14/9";23
"POPTR_0015s08320.1";958;"T";"C/T";"75,0/25,0";"24/8";32
"POPTR_0015s08320.1";981;"T";"T/A";"64,5/35,5";"20/11";31
"POPTR_0015s08320.1";999;"A";"A/G";"59,3/40,7";"16/11";27
"POPTR_0015s08320.1";1077;"T";"T/C";"53,3/46,7";"16/14";30
"POPTR_0015s08320.1";1155;"A";"A/G";"59,1/40,9";"13/9";22
"POPTR_0015s08320.1";1350;"C";"T/C";"57,7/42,3";"15/11";26
"POPTR_0015s08320.1";1410;"C";"T";"100,0";33;33
"POPTR_0015s08320.1";1443;"C";"C/T";"53,1/46,9";"17/15";32
"POPTR_0015s08320.1";1516;"C";"A/C";"64,0/36,0";"16/9";25
"POPTR_0015s08320.1";1551;"T";"A/T";"57,7/42,3";"15/11";26
"POPTR_0015s08320.1";1578;"T";"T/G";"54,3/45,7";"19/16";35
"POPTR_0015s08320.1";1617;"T";"A/T";"63,9/36,1";"23/13";36
"POPTR_0015s08320.1";1674;"A";"G/A";"55,0/45,0";"11/9";20
"POPTR_0001s06150.1";230;"C";"C/T";"66,7/33,3";"8/4";12
"POPTR_0001s06150.1";290;"G";"G/A";"61,5/38,5";"8/5";13
"POPTR_0001s06150.1";687;"G";"A";"100,0";12;12
"POPTR_0001s06150.1";924;"T";"T/C";"68,8/31,2";"11/5";16
"POPTR_0001s06150.1";1030;"T";"C/T";"50,0/50,0";"6/6";12
"POPTR_0001s06150.1";1036;"G";"G/A";"53,8/46,2";"7/6";13
"POPTR_0001s06150.1";1055;"A";"G/A";"56,2/43,8";"9/7";16
"POPTR_0001s06150.1";1275;"G";"G/A";"54,5/45,5";"6/5";11
"POPTR_0001s06150.1";1290;"T";"C/T";"50,0/50,0";"6/6";12
"POPTR_0001s06150.1";1590;"T";"C";"100,0";13;13
"POPTR_0001s06150.1";1641;"A";"A/C";"50,0/50,0";"7/7";14
"POPTR_0001s06150.1";1679;"T";"C/T";"66,7/33,3";"8/4";12
"POPTR_0001s06150.1";1830;"C";"A/C";"68,8/31,2";"11/5";16
"POPTR_0001s06150.1";1911;"T";"C/T";"73,3/26,7";"11/4";15
"POPTR_0001s06150.1";2153;"G";"C/G";"60,0/40,0";"9/6";15
"POPTR_0001s06150.1";2220;"G";"G/A";"60,0/40,0";"6/4";10
"POPTR_0001s06150.1";2504;"A";"A/G";"50,0/50,0";"7/7";14
"POPTR_0001s06150.1";2527;"A";"A/G";"53,8/46,2";"7/6";13
"POPTR_0001s06150.1";2608;"G";"C/G";"66,7/33,3";"8/4";12
"POPTR_0001s26610.1";873;"C";"C/T";"50,0/50,0";"6/6";12
"POPTR_0001s26610.1";1044;"C";"T";"100,0";13;13
"POPTR_0001s26610.1";1095;"T";"C";"100,0";11;11
"POPTR_0001s26610.1";1341;"G";"A/G";"50,0/50,0";"8/8";16
"POPTR_0001s26610.1";1452;"C";"T/C";"53,8/46,2";"7/6";13
"POPTR_0001s26610.1";1483;"G";"C";"100,0";15;15
"POPTR_0001s26610.1";1599;"C";"C/T";"50,0/50,0";"5/5";10
"POPTR_0001s26610.1";1648;"A";"A/T";"58,3/41,7";"7/5";12
"POPTR_0001s26610.1";1703;"C";"T";"91,7";11;12
"POPTR_0001s22840.1";102;"T";"T/C";"85,0/15,0";"17/3";20
"POPTR_0001s22840.1";132;"C";"T/C";"61,5/38,5";"8/5";13
"POPTR_0001s21520.1";72;"C";"A";"100,0";12;12
"POPTR_0001s21520.1";171;"T";"T/G";"53,8/46,2";"7/6";13
"POPTR_0001s21520.1";247;"G";"G/A";"62,5/37,5";"10/6";16
"POPTR_0001s21520.1";465;"A";"T/A";"61,5/38,5";"8/5";13
"POPTR_0001s31270.1";1833;"A";"T/A";"59,0/41,0";"36/25";61
"POPTR_0001s31270.1";1884;"C";"C/T";"58,0/42,0";"29/21";50
"POPTR_0001s31270.1";1947;"A";"T/A";"51,9/46,3";"28/25";54
"POPTR_0001s31270.1";1971;"T";"A";"100,0";22;22
"POPTR_0001s25750.1";61;"A";"G/A";"66,7/33,3";"8/4";12
"POPTR_0001s25750.1";108;"A";"A/G";"63,6/36,4";"7/4";11
"POPTR_0010s08200.1";391;"G";"G/A";"70,0/30,0";"7/3";10
"POPTR_0010s08200.1";846;"C";"C/A";"76,9/23,1";"10/3";13
"POPTR_0010s08200.1";1605;"T";"T/A";"61,5/38,5";"8/5";13
"POPTR_0010s05750.1";1122;"A";"A/T";"53,8/46,2";"7/6";13
"POPTR_0010s05750.1";1228;"G";"A";"86,7";13;15
"POPTR_0010s05750.1";1252;"G";"A";"100,0";11;11
"POPTR_0010s05750.1";1296;"C";"A";"100,0";16;16
"POPTR_0010s05750.1";1309;"G";"G/C";"53,8/46,2";"7/6";13
"POPTR_0010s10000.1";237;"T";"G";"100,0";11;11
"POPTR_0010s10000.1";293;"A";"G";"100,0";13;13
"POPTR_0010s10000.1";355;"G";"G/T";"53,8/46,2";"7/6";13
"POPTR_0010s10000.1";489;"A";"G";"87,5";14;16
"POPTR_0010s10000.1";505;"A";"A/G";"80,0/20,0";"12/3";15
"POPTR_0010s10000.1";541;"A";"C";"100,0";11;11
"POPTR_0010s10000.1";612;"T";"C/T";"53,8/46,2";"7/6";13
"POPTR_0010s10000.1";828;"T";"G/T";"61,5/38,5";"16/10";26
"POPTR_0010s10000.1";969;"C";"T";"100,0";14;14
"POPTR_0010s10000.1";1030;"C";"T";"100,0";14;14
"POPTR_0010s10000.1";1110;"C";"G";"100,0";10;10
"POPTR_0010s10000.1";1259;"T";"T/C";"60,0/40,0";"9/6";15
"POPTR_0010s10000.1";1311;"G";"T/G";"64,3/35,7";"9/5";14
"POPTR_0010s10000.1";1350;"G";"G/A";"64,5/35,5";"20/11";31
"POPTR_0010s10000.1";1438;"C";"C/T";"66,7/33,3";"10/5";15
"POPTR_0010s10000.1";1482;"T";"T/C";"52,9/47,1";"9/8";17
"POPTR_0010s10000.1";1604;"C";"C/T";"58,3/41,7";"7/5";12
"POPTR_0010s10000.1";1743;"C";"C/T";"54,5/45,5";"6/5";11
"POPTR_0010s10000.1";1817;"G";"C";"100,0";13;13
"POPTR_0010s10000.1";1857;"G";"G/T";"72,2/27,8";"13/5";18
"POPTR_0010s10000.1";1874;"A";"A/G";"66,7/33,3";"10/5";15
"POPTR_0010s10000.1";1888;"C";"T/C";"54,5/45,5";"6/5";11
"POPTR_0010s10000.1";1938;"C";"T";"100,0";14;14
"POPTR_0010s10000.1";1951;"C";"C/T";"64,7/35,3";"11/6";17
"POPTR_0010s10000.1";1953;"C";"C/T";"72,2/27,8";"13/5";18
"POPTR_0010s10000.1";2001;"A";"A/T";"76,2/23,8";"16/5";21
"POPTR_0010s10000.1";2046;"T";"A";"93,3";14;15
"POPTR_0010s10000.1";2052;"A";"A/G";"64,3/35,7";"9/5";14
"POPTR_0010s10000.1";2067;"A";"A/C";"80,0/20,0";"16/4";20
"POPTR_0010s10000.1";2223;"C";"C/T";"50,0/50,0";"9/9";18
"POPTR_0010s10000.1";2252;"C";"C/T";"66,7/33,3";"12/6";18
"POPTR_0010s10000.1";2271;"T";"T/C";"66,7/20,0";"10/3";15
"POPTR_0010s10000.1";2306;"A";"G/A";"52,9/47,1";"9/8";17
"POPTR_0010s10000.1";2386;"C";"C/G";"50,0/50,0";"8/8";16
"POPTR_0010s10000.1";2537;"T";"C";"100,0";10;10
"POPTR_0010s10000.1";2698;"G";"G/A";"63,2/36,8";"12/7";19
"POPTR_0010s10000.1";2805;"T";"C";"100,0";16;16
"POPTR_0010s10000.1";2806;"A";"C";"100,0";16;16
"POPTR_0010s10000.1";2902;"T";"C";"100,0";22;22
"POPTR_0010s10000.1";2915;"T";"T/C";"64,3/35,7";"9/5";14
"POPTR_0010s10000.1";2930;"G";"A/G";"78,6/21,4";"11/3";14
"POPTR_0010s10000.1";3039;"C";"C/T";"84,6/15,4";"11/2";13
"POPTR_0010s10000.1";3051;"T";"T/A";"80,0/20,0";"8/2";10
"POPTR_0010s10000.1";3092;"C";"C/T";"81,8/18,2";"9/2";11
"POPTR_0010s10000.1";3110;"A";"A/T";"71,4/28,6";"10/4";14
"POPTR_0010s10000.1";3144;"A";"A/G";"59,1/40,9";"13/9";22
"POPTR_0010s10000.1";3169;"C";"C/T";"66,7/33,3";"12/6";18
"POPTR_0010s10000.1";3175;"A";"G";"100,0";18;18
"POPTR_0010s10000.1";3185;"A";"G/A";"65,0/35,0";"13/7";20
"POPTR_0010s10000.1";3219;"C";"T/C";"52,6/47,4";"10/9";19
"POPTR_0010s10000.1";3320;"C";"C/A";"62,5/37,5";"10/6";16
"POPTR_0010s10000.1";3331;"T";"A";"100,0";11;11
"POPTR_0010s10000.1";3400;"T";"G/T";"50,0/50,0";"12/12";24
"POPTR_0010s10000.1";3409;"G";"G/C";"53,8/46,2";"14/12";26
"POPTR_0010s10000.1";3479;"C";"C/T";"47,4/47,4";"9/9";19
"POPTR_0010s10000.1";3486;"C";"T";"100,0";20;20
"POPTR_0010s10000.1";3517;"G";"G/T";"54,5/45,5";"12/10";22
"POPTR_0010s10000.1";3537;"T";"C/T";"50,0/50,0";"10/10";20
"POPTR_0010s10000.1";3573;"G";"A";"100,0";17;17
"POPTR_0010s10000.1";3829;"A";"A/G";"68,2/31,8";"15/7";22
"POPTR_0010s10000.1";3855;"T";"T/C";"76,9/23,1";"10/3";13
"POPTR_0010s10000.1";3900;"A";"A/G";"64,0/36,0";"16/9";25
"POPTR_0010s10000.1";4024;"C";"T/C";"57,1/42,9";"12/9";21
"POPTR_0010s10000.1";4044;"C";"C/T";"60,0/40,0";"15/10";25
"POPTR_0010s10000.1";4164;"G";"G/T";"52,0/48,0";"13/12";25
"POPTR_0010s10000.1";4237;"G";"A/G";"55,6/44,4";"15/12";27
"POPTR_0010s10000.1";4238;"G";"G/T";"57,1/42,9";"16/12";28
"POPTR_0010s10000.1";4605;"A";"T/A";"57,7/42,3";"15/11";26
"POPTR_0010s10000.1";4638;"T";"T/C";"52,2/47,8";"12/11";23
"POPTR_0010s10000.1";4657;"G";"G/A";"52,9/47,1";"9/8";17
"POPTR_0010s10000.1";4667;"A";"G/A";"57,1/42,9";"8/6";14
"POPTR_0010s10000.1";4711;"G";"T/G";"56,2/43,8";"9/7";16
"POPTR_0010s10000.1";4745;"C";"C/A";"69,6/30,4";"16/7";23
"POPTR_0010s10000.1";4779;"T";"T/C";"80,0/20,0";"12/3";15
"POPTR_0010s10000.1";4784;"C";"A/C";"84,6/15,4";"11/2";13
"POPTR_0007s05120.1";51;"A";"A/T";"50,0/50,0";"5/5";10
"POPTR_0007s05120.1";375;"C";"C/A";"56,2/43,8";"9/7";16
"POPTR_0007s05120.1";423;"C";"G";"90,0";9;10
"POPTR_0007s05120.1";507;"T";"C";"100,0";11;11
"POPTR_0007s05120.1";528;"A";"A/T";"57,1/42,9";"8/6";14
"POPTR_0007s05120.1";581;"T";"G";"100,0";15;15
"POPTR_0007s05120.1";594;"C";"T";"100,0";16;16
"POPTR_0007s11920.1";54;"C";"C/G";"50,0/50,0";"14/14";28
"POPTR_0007s11920.1";117;"C";"G/C";"52,0/48,0";"13/12";25
"POPTR_0007s11920.1";168;"A";"A/C";"59,5/40,5";"25/17";42
"POPTR_0007s11920.1";372;"G";"T";"100,0";13;13
"POPTR_0007s11920.1";468;"A";"G/A";"61,1/38,9";"11/7";18
"POPTR_0007s11920.1";476;"T";"G";"100,0";18;18
"POPTR_0007s11920.1";501;"A";"A/T";"56,5/43,5";"13/10";23
"POPTR_0007s11920.1";582;"T";"T/C";"55,6/44,4";"15/12";27
"POPTR_0007s11920.1";668;"A";"A/G";"53,8/46,2";"14/12";26
"POPTR_0007s11920.1";689;"A";"G/A";"53,6/46,4";"15/13";28
"POPTR_0007s11920.1";691;"T";"T/A";"55,2/44,8";"16/13";29
"POPTR_0007s11920.1";985;"A";"G";"100,0";37;37
"POPTR_0007s11920.1";1017;"C";"C/T";"72,2/27,8";"26/10";36
"POPTR_0007s11920.1";1068;"G";"G/A";"57,1/42,9";"12/9";21
"POPTR_0007s11920.1";1088;"A";"C";"100,0";24;24
"POPTR_0007s11920.1";1362;"A";"A/G";"68,3/31,7";"28/13";41
"POPTR_0007s11920.1";1428;"G";"G/A";"51,9/48,1";"14/13";27
"POPTR_0007s11920.1";1440;"A";"G";"100,0";26;26
"POPTR_0007s11920.1";1632;"G";"G/A";"65,7/34,3";"23/12";35
"POPTR_0007s11920.1";1653;"A";"A/T";"71,1/28,9";"32/13";45
"POPTR_0007s11920.1";1692;"C";"C/T";"51,6/48,4";"16/15";31
"POPTR_0007s11920.1";1721;"G";"G/A";"79,3/20,7";"23/6";29
"POPTR_0007s11920.1";1782;"T";"T/G";"55,6/44,4";"15/12";27
"POPTR_0007s11920.1";1836;"A";"A/G";"50,0/50,0";"20/20";40
"POPTR_0007s11920.1";1941;"T";"C";"100,0";33;33
"POPTR_0007s11920.1";2022;"A";"T";"100,0";18;18
"POPTR_0007s11920.1";2166;"C";"C/T";"60,0/40,0";"18/12";30
"POPTR_0007s11920.1";2244;"T";"T/A";"74,3/25,7";"26/9";35
"POPTR_0007s11920.1";2295;"T";"C/T";"52,9/47,1";"18/16";34
"POPTR_0007s11920.1";2335;"C";"C/A";"51,4/48,6";"19/18";37
"POPTR_0007s11920.1";2361;"T";"T/C";"65,7/34,3";"23/12";35
"POPTR_0007s11920.1";2517;"C";"C/G";"54,2/45,8";"13/11";24
"POPTR_0007s11920.1";2626;"A";"G";"100,0";27;27
"POPTR_0002s09730.1";137;"A";"A/T";"52,5/47,5";"31/28";59
"POPTR_0002s09730.1";140;"A";"A/T";"52,6/47,4";"30/27";57
"POPTR_0002s09730.1";345;"A";"G";"100,0";70;70
"POPTR_0002s09730.1";423;"C";"T";"100,0";66;66
"POPTR_0002s09730.1";439;"C";"T/C";"55,9/44,1";"38/30";68
"POPTR_0002s09730.1";536;"A";"A/G";"52,2/47,8";"35/32";67
"POPTR_0002s09730.1";540;"A";"A/C";"52,4/47,6";"43/39";82
"POPTR_0002s09730.1";570;"T";"T/A";"52,8/47,2";"47/42";89
"POPTR_0002s09730.1";801;"G";"A/G";"55,6/44,4";"50/40";90
"POPTR_0002s09730.1";828;"A";"C";"100,0";74;74
"POPTR_0002s09730.1";962;"G";"A";"100,0";70;70
"POPTR_0002s09730.1";1077;"G";"T";"100,0";32;32
"POPTR_0002s09730.1";1224;"C";"C/T";"51,1/48,9";"48/46";94
"POPTR_0002s09730.1";1275;"T";"C";"100,0";92;92
"POPTR_0002s09730.1";1533;"A";"G/A";"61,6/38,4";"45/28";73
"POPTR_0002s09730.1";1596;"T";"A/T";"56,0/44,0";"61/48";109
"POPTR_0002s09730.1";1597;"G";"G/A";"56,4/43,6";"62/48";110
"POPTR_0002s09730.1";1822;"G";"T";"100,0";127;127
"POPTR_0002s09730.1";1832;"T";"C";"100,0";109;109
"POPTR_0002s09730.1";1950;"T";"T/A";"62,8/37,2";"76/45";121
"POPTR_0002s14090.1";954;"G";"A/G";"53,8/46,2";"7/6";13
"POPTR_0002s14090.1";1128;"C";"C/A";"66,7/33,3";"12/6";18
"POPTR_0002s14090.1";1131;"G";"G/T";"64,7/35,3";"11/6";17
"POPTR_0002s14090.1";1190;"T";"T/A";"73,3/26,7";"11/4";15
"POPTR_0002s14090.1";1200;"A";"A/G";"84,6/15,4";"11/2";13
"POPTR_0002s14090.1";1317;"A";"T";"100,0";11;11
"POPTR_0002s14090.1";1324;"A";"A/C";"70,0/30,0";"7/3";10
"POPTR_0008s15060.1";354;"T";"C/T";"52,4/47,6";"11/10";21
"POPTR_0008s15060.1";357;"T";"T/A";"55,0/40,0";"11/8";20
"POPTR_0008s15060.1";378;"C";"G/C";"81,8/18,2";"9/2";11
"POPTR_0008s15060.1";444;"T";"G";"100,0";13;13
"POPTR_0008s15060.1";466;"A";"G";"100,0";17;17
"POPTR_0008s15060.1";467;"C";"C/T";"77,8/22,2";"14/4";18
"POPTR_0008s15060.1";606;"C";"C/A";"63,2/36,8";"12/7";19
"POPTR_0008s15060.1";618;"T";"C/T";"60,9/39,1";"14/9";23
"POPTR_0008s15060.1";699;"G";"T/G";"75,0/25,0";"12/4";16
"POPTR_0008s15060.1";732;"T";"C/T";"50,0/50,0";"7/7";14
"POPTR_0008s15060.1";750;"G";"G/A";"52,9/47,1";"9/8";17
"POPTR_0008s15060.1";996;"A";"C/A";"51,7/48,3";"15/14";29
"POPTR_0008s15060.1";1038;"C";"T";"100,0";13;13
"POPTR_0008s15060.1";1052;"C";"C/T";"58,3/41,7";"7/5";12
"POPTR_0008s15060.1";1187;"A";"T";"100,0";13;13
"POPTR_0008s15060.1";1301;"A";"A/T";"69,2/30,8";"18/8";26
"POPTR_0008s15060.1";1308;"T";"T/G";"69,0/31,0";"20/9";29
"POPTR_0008s15060.1";1395;"G";"A";"100,0";17;17
"POPTR_0008s15060.1";1398;"T";"C/T";"69,2/30,8";"9/4";13
"POPTR_0008s15060.1";1400;"G";"A";"100,0";13;13
"POPTR_0008s15060.1";1577;"T";"C/T";"75,0/25,0";"12/4";16
"POPTR_0008s15060.1";1712;"G";"A";"100,0";20;20
"POPTR_0008s15060.1";1738;"C";"G";"100,0";20;20
"POPTR_0008s15060.1";1791;"T";"T/C";"75,0/25,0";"12/4";16
"POPTR_0008s15060.1";1829;"C";"T";"100,0";14;14
"POPTR_0008s15060.1";1933;"A";"G";"100,0";15;15
"POPTR_0008s15060.1";2087;"T";"A";"100,0";22;22
"POPTR_0008s15060.1";2140;"C";"T/C";"51,9/48,1";"14/13";27
"POPTR_0008s15060.1";2193;"C";"C/T";"61,1/38,9";"11/7";18
"POPTR_0008s15060.1";2298;"T";"C/T";"73,1/26,9";"19/7";26
"POPTR_0008s15060.1";2341;"T";"C";"100,0";21;21
"POPTR_0008s15060.1";2367;"T";"T/A";"72,7/27,3";"16/6";22
"POPTR_0008s15060.1";2415;"T";"T/C";"66,7/33,3";"14/7";21
"POPTR_0008s15060.1";2451;"G";"T/G";"57,1/42,9";"12/9";21
"POPTR_0008s15060.1";2524;"C";"T";"100,0";12;12
"POPTR_0008s15060.1";2616;"A";"A/T";"70,6/29,4";"12/5";17
"POPTR_0008s15060.1";2754;"A";"A/G";"64,7/35,3";"11/6";17
"POPTR_0008s15060.1";2761;"A";"G/A";"68,8/31,2";"11/5";16
"POPTR_0008s15060.1";2784;"A";"G";"100,0";33;33
"POPTR_0008s15060.1";2916;"G";"A/G";"65,2/34,8";"15/8";23
"POPTR_0008s15060.1";2922;"A";"G/A";"62,5/37,5";"15/9";24
"POPTR_0008s15060.1";2972;"A";"A/T";"64,5/35,5";"20/11";31
"POPTR_0008s15060.1";3138;"T";"C";"100,0";43;43
"POPTR_0008s15060.1";3153;"T";"A/T";"56,4/43,6";"22/17";39
"POPTR_0008s15060.1";3188;"C";"C/T";"57,9/42,1";"22/16";38
"POPTR_0008s15060.1";3328;"G";"G/C";"52,0/48,0";"26/24";50
"POPTR_0008s15060.1";3411;"T";"A";"100,0";35;35
"POPTR_0008s15060.1";3412;"A";"T/A";"52,8/47,2";"19/17";36
"POPTR_0008s15060.1";3461;"C";"C/T";"51,7/48,3";"15/14";29
"POPTR_0008s15060.1";3595;"G";"G/A";"55,6/44,4";"20/16";36
"POPTR_0008s15060.1";3644;"G";"T";"100,0";46;46
"POPTR_0008s15060.1";3657;"T";"T/C";"64,7/35,3";"22/12";34
"POPTR_0008s15060.1";3721;"T";"C";"100,0";12;12
"POPTR_0008s15060.1";3723;"T";"G/T";"69,2/30,8";"9/4";13
"POPTR_0008s15060.1";3762;"C";"C/T";"75,0/25,0";"12/4";16
"POPTR_0008s15060.1";3834;"G";"A";"100,0";35;35
"POPTR_0008s15060.1";3927;"T";"C";"100,0";25;25
"POPTR_0008s15060.1";3960;"G";"G/A";"83,3/16,7";"20/4";24
"POPTR_0008s15060.1";4092;"T";"C";"100,0";32;32
"POPTR_0008s15060.1";4137;"A";"C";"100,0";37;37
"POPTR_0008s15060.1";4182;"C";"C/T";"51,4/48,6";"18/17";35
"POPTR_0008s15060.1";4245;"C";"T";"95,0";38;40
"POPTR_0008s15060.1";4257;"G";"A";"100,0";36;36
"POPTR_0008s15060.1";4468;"G";"A/G";"66,7/33,3";"10/5";15
"POPTR_0008s15060.1";4494;"C";"T/C";"72,2/27,8";"13/5";18
"POPTR_0008s15060.1";4555;"A";"T";"100,0";23;23
"POPTR_0008s15060.1";4556;"A";"C";"100,0";26;26
"POPTR_0008s15060.1";4624;"T";"G";"100,0";38;38
"POPTR_0008s15060.1";4686;"T";"T/C";"58,1/41,9";"18/13";31
"POPTR_0008s15060.1";4697;"C";"T/C";"58,6/41,4";"17/12";29
"POPTR_0008s15060.1";4707;"G";"G/A";"69,2/30,8";"18/8";26
"POPTR_0008s15060.1";4732;"C";"C/T";"63,3/36,7";"19/11";30
"POPTR_0008s15060.1";4733;"A";"C";"100,0";31;31
"POPTR_0008s15060.1";4742;"A";"C/A";"63,3/36,7";"19/11";30
"POPTR_0008s12900.1";288;"C";"C/T";"50,0/50,0";"5/5";10
"POPTR_0016s10520.1";258;"T";"T/A";"54,5/45,5";"6/5";11
"POPTR_0016s05490.1";387;"A";"T/A";"60,0/40,0";"6/4";10
