POPTR_0001s31270.1	1833	stress1_85_signalling.csv	A	T/A	70,0/30,0	14/6	20	controllo_85_signalling.csv	A	T/A	59,0/41,0	36/25	61
POPTR_0001s31270.1	1947	stress1_85_signalling.csv	A	A/T	55,0/45,0	11/9	20	controllo_85_signalling.csv	A	T/A	51,9/46,3	28/25	54
POPTR_0002s09730.1	137	stress1_85_signalling.csv	A	T/A	55,0/45,0	11/9	20	controllo_85_signalling.csv	A	A/T	52,5/47,5	31/28	59
POPTR_0002s09730.1	140	stress1_85_signalling.csv	A	T/A	57,9/42,1	11/8	19	controllo_85_signalling.csv	A	A/T	52,6/47,4	30/27	57
POPTR_0002s09730.1	345	stress1_85_signalling.csv	A	G	100,0	29	29	controllo_85_signalling.csv	A	G	100,0	70	70
POPTR_0002s09730.1	423	stress1_85_signalling.csv	C	T	100,0	22	22	controllo_85_signalling.csv	C	T	100,0	66	66
POPTR_0002s09730.1	439	stress1_85_signalling.csv	C	C/T	60,0/40,0	12/8	20	controllo_85_signalling.csv	C	T/C	55,9/44,1	38/30	68
POPTR_0002s09730.1	536	stress1_85_signalling.csv	A	A/G	70,0/30,0	21/9	30	controllo_85_signalling.csv	A	A/G	52,2/47,8	35/32	67
POPTR_0002s09730.1	540	stress1_85_signalling.csv	A	C/A	68,6/31,4	24/11	35	controllo_85_signalling.csv	A	A/C	52,4/47,6	43/39	82
POPTR_0002s09730.1	570	stress1_85_signalling.csv	T	A/T	63,6/31,8	14/7	22	controllo_85_signalling.csv	T	T/A	52,8/47,2	47/42	89
POPTR_0002s09730.1	801	stress1_85_signalling.csv	G	A/G	57,7/42,3	30/22	52	controllo_85_signalling.csv	G	A/G	55,6/44,4	50/40	90
POPTR_0002s09730.1	828	stress1_85_signalling.csv	A	C	92,6	25	27	controllo_85_signalling.csv	A	C	100,0	74	74
POPTR_0002s09730.1	962	stress1_85_signalling.csv	G	A	100,0	18	18	controllo_85_signalling.csv	G	A	100,0	70	70
POPTR_0002s09730.1	1224	stress1_85_signalling.csv	C	C/T	58,1/41,9	25/18	43	controllo_85_signalling.csv	C	C/T	51,1/48,9	48/46	94
POPTR_0002s09730.1	1275	stress1_85_signalling.csv	T	C	100,0	21	21	controllo_85_signalling.csv	T	C	100,0	92	92
POPTR_0002s09730.1	1533	stress1_85_signalling.csv	A	G/A	61,8/38,2	21/13	34	controllo_85_signalling.csv	A	G/A	61,6/38,4	45/28	73
POPTR_0002s09730.1	1596	stress1_85_signalling.csv	T	A/T	60,0/40,0	27/18	45	controllo_85_signalling.csv	T	A/T	56,0/44,0	61/48	109
POPTR_0002s09730.1	1597	stress1_85_signalling.csv	G	G/A	62,2/37,8	28/17	45	controllo_85_signalling.csv	G	G/A	56,4/43,6	62/48	110
POPTR_0002s09730.1	1822	stress1_85_signalling.csv	G	T	100,0	42	42	controllo_85_signalling.csv	G	T	100,0	127	127
POPTR_0002s09730.1	1832	stress1_85_signalling.csv	T	C	100,0	40	40	controllo_85_signalling.csv	T	C	100,0	109	109
POPTR_0002s09730.1	1950	stress1_85_signalling.csv	T	A/T	66,7/33,3	30/15	45	controllo_85_signalling.csv	T	T/A	62,8/37,2	76/45	121
POPTR_0005s17100.1	253	stress1_85_signalling.csv	T	A	100,0	18	18	controllo_85_signalling.csv	T	A	100,0	51	51
POPTR_0005s17100.1	319	stress1_85_signalling.csv	T	C	100,0	30	30	controllo_85_signalling.csv	T	C	98,9	90	91
POPTR_0005s17100.1	374	stress1_85_signalling.csv	C	A/C	58,6/41,4	17/12	29	controllo_85_signalling.csv	C	A/C	52,6/47,4	40/36	76
POPTR_0005s17100.1	432	stress1_85_signalling.csv	G	A	100,0	34	34	controllo_85_signalling.csv	G	A	98,9	88	89
POPTR_0005s17100.1	688	stress1_85_signalling.csv	A	A/G	50,0/50,0	16/16	32	controllo_85_signalling.csv	A	A/G	57,1/42,9	48/36	84
POPTR_0005s17100.1	711	stress1_85_signalling.csv	C	C/T	50,0/50,0	11/11	22	controllo_85_signalling.csv	C	C/T	57,7/42,3	45/33	78
POPTR_0005s17100.1	1191	stress1_85_signalling.csv	C	G/C	53,1/44,9	26/22	49	controllo_85_signalling.csv	C	C/G	56,8/43,2	63/48	111
POPTR_0005s17100.1	1365	stress1_85_signalling.csv	C	C/T	66,7/33,3	24/12	36	controllo_85_signalling.csv	C	C/T	54,5/45,5	67/56	123
POPTR_0005s17100.1	1534	stress1_85_signalling.csv	T	A	100,0	27	27	controllo_85_signalling.csv	T	A	100,0	80	80
POPTR_0005s17100.1	1755	stress1_85_signalling.csv	C	C/T	54,8/45,2	23/19	42	controllo_85_signalling.csv	C	C/T	53,0/47,0	44/39	83
POPTR_0005s17100.1	1820	stress1_85_signalling.csv	C	T/C	60,9/39,1	14/9	23	controllo_85_signalling.csv	C	T/C	50,5/49,5	47/46	93
POPTR_0005s17100.1	1870	stress1_85_signalling.csv	G	A	100,0	31	31	controllo_85_signalling.csv	G	A	100,0	66	66
POPTR_0005s17100.1	1980	stress1_85_signalling.csv	C	C/T	54,5/45,5	18/15	33	controllo_85_signalling.csv	C	C/T	52,4/47,6	44/40	84
POPTR_0005s17100.1	1998	stress1_85_signalling.csv	G	A/G	50,0/50,0	20/20	40	controllo_85_signalling.csv	G	A/G	50,6/49,4	45/44	89
POPTR_0012s04010.1	357	stress1_85_signalling.csv	C	T/C	54,0/46,0	27/23	50	controllo_85_signalling.csv	C	C/T	54,5/45,5	30/25	55
POPTR_0012s04010.1	396	stress1_85_signalling.csv	C	T/C	58,5/41,5	24/17	41	controllo_85_signalling.csv	C	C/T	50,0/50,0	34/34	68
POPTR_0012s04010.1	406	stress1_85_signalling.csv	C	A/C	55,0/45,0	22/18	40	controllo_85_signalling.csv	C	C/A	53,6/46,4	37/32	69
POPTR_0012s04010.1	409	stress1_85_signalling.csv	C	C/A	52,1/47,9	25/23	48	controllo_85_signalling.csv	C	C/A	50,7/49,3	38/37	75
POPTR_0012s04010.1	477	stress1_85_signalling.csv	C	T/C	54,9/45,1	28/23	51	controllo_85_signalling.csv	C	C/T	57,6/42,4	38/28	66
POPTR_0012s04010.1	513	stress1_85_signalling.csv	C	C/G	55,0/45,0	33/27	60	controllo_85_signalling.csv	C	G/C	58,8/41,2	47/33	80
POPTR_0012s04010.1	588	stress1_85_signalling.csv	T	G/T	60,0/40,0	27/18	45	controllo_85_signalling.csv	T	G/T	50,0/48,2	28/27	56
POPTR_0012s04010.1	621	stress1_85_signalling.csv	T	C/T	54,0/46,0	27/23	50	controllo_85_signalling.csv	T	C/T	51,7/48,3	31/29	60
POPTR_0012s04010.1	627	stress1_85_signalling.csv	T	C/T	51,0/49,0	25/24	49	controllo_85_signalling.csv	T	C/T	52,5/47,5	31/28	59
POPTR_0012s04010.1	642	stress1_85_signalling.csv	G	G/T	62,9/37,1	22/13	35	controllo_85_signalling.csv	G	G/T	52,5/47,5	31/28	59
POPTR_0012s04010.1	678	stress1_85_signalling.csv	C	C/T	55,6/44,4	25/20	45	controllo_85_signalling.csv	C	C/T	56,9/43,1	33/25	58
POPTR_0012s04010.1	681	stress1_85_signalling.csv	T	T/C	51,0/49,0	25/24	49	controllo_85_signalling.csv	T	T/C	52,5/47,5	32/29	61
POPTR_0012s04010.1	733	stress1_85_signalling.csv	T	A	100,0	31	31	controllo_85_signalling.csv	T	A	100,0	86	86
POPTR_0017s05660.1	43	stress1_85_signalling.csv	C	A	100,0	81	81	controllo_85_signalling.csv	C	A	100,0	32	32
POPTR_0017s05660.1	78	stress1_85_signalling.csv	A	T	100,0	65	65	controllo_85_signalling.csv	A	T	100,0	20	20
POPTR_0017s05660.1	108	stress1_85_signalling.csv	C	T/C	51,9/48,1	27/25	52	controllo_85_signalling.csv	C	C/T	71,4/28,6	10/4	14
POPTR_0017s05660.1	116	stress1_85_signalling.csv	A	G	100,0	58	58	controllo_85_signalling.csv	A	G	100,0	14	14
POPTR_0017s05660.1	216	stress1_85_signalling.csv	G	G/A	66,7/33,3	48/24	72	controllo_85_signalling.csv	G	G/A	63,6/36,4	14/8	22
POPTR_0017s05660.1	235	stress1_85_signalling.csv	G	A	100,0	51	51	controllo_85_signalling.csv	G	A	100,0	19	19
POPTR_0017s05660.1	350	stress1_85_signalling.csv	A	G/A	52,5/47,5	32/29	61	controllo_85_signalling.csv	A	A/G	61,9/38,1	13/8	21
