"POPTR_0005s28110.1";43;"T";"T/A";"73,3/26,7";"11/4";15
"POPTR_0005s28110.1";153;"T";"T/C";"68,2/31,8";"15/7";22
"POPTR_0005s28110.1";186;"A";"C";"100,0";21;21
"POPTR_0005s28110.1";207;"T";"C/T";"81,0/19,0";"17/4";21
"POPTR_0005s28110.1";227;"G";"G/A";"82,4/17,6";"14/3";17
"POPTR_0005s28110.1";309;"C";"T/C";"71,4/28,6";"15/6";21
"POPTR_0005s28110.1";364;"A";"A/T";"76,0/24,0";"19/6";25
"POPTR_0005s28110.1";471;"G";"A/G";"80,0/20,0";"12/3";15
"POPTR_0005s28110.1";488;"T";"T/C";"84,6/15,4";"11/2";13
"POPTR_0005s28110.1";555;"T";"C";"92,9";13;14
"POPTR_0005s05440.1";239;"G";"A/G";"58,3/41,7";"7/5";12
"POPTR_0005s05440.1";790;"G";"A";"100,0";14;14
"POPTR_0005s05440.1";862;"A";"G/A";"60,0/40,0";"6/4";10
"POPTR_0005s13950.1";2544;"T";"C/T";"70,0/30,0";"7/3";10
"POPTR_0005s17100.1";36;"A";"G";"100,0";12;12
"POPTR_0005s17100.1";253;"T";"A";"100,0";18;18
"POPTR_0005s17100.1";319;"T";"C";"100,0";30;30
"POPTR_0005s17100.1";374;"C";"A/C";"58,6/41,4";"17/12";29
"POPTR_0005s17100.1";432;"G";"A";"100,0";34;34
"POPTR_0005s17100.1";688;"A";"A/G";"50,0/50,0";"16/16";32
"POPTR_0005s17100.1";711;"C";"C/T";"50,0/50,0";"11/11";22
"POPTR_0005s17100.1";1128;"T";"C/T";"61,1/38,9";"11/7";18
"POPTR_0005s17100.1";1191;"C";"G/C";"53,1/44,9";"26/22";49
"POPTR_0005s17100.1";1281;"C";"C/T";"64,0/36,0";"16/9";25
"POPTR_0005s17100.1";1365;"C";"C/T";"66,7/33,3";"24/12";36
"POPTR_0005s17100.1";1425;"C";"C/T";"66,7/33,3";"8/4";12
"POPTR_0005s17100.1";1474;"A";"G/A";"80,0/20,0";"12/3";15
"POPTR_0005s17100.1";1534;"T";"A";"100,0";27;27
"POPTR_0005s17100.1";1639;"A";"A/G";"50,0/50,0";"10/10";20
"POPTR_0005s17100.1";1695;"A";"A/C";"60,0/40,0";"6/4";10
"POPTR_0005s17100.1";1755;"C";"C/T";"54,8/45,2";"23/19";42
"POPTR_0005s17100.1";1820;"C";"T/C";"60,9/39,1";"14/9";23
"POPTR_0005s17100.1";1870;"G";"A";"100,0";31;31
"POPTR_0005s17100.1";1980;"C";"C/T";"54,5/45,5";"18/15";33
"POPTR_0005s17100.1";1998;"G";"A/G";"50,0/50,0";"20/20";40
"POPTR_0005s17100.1";2037;"T";"T/C";"84,6/15,4";"11/2";13
"POPTR_0005s12140.1";969;"C";"C/T";"50,0/50,0";"5/5";10
"POPTR_0005s03930.1";402;"A";"A/G";"81,8/18,2";"9/2";11
"POPTR_0005s03930.1";429;"C";"C/T";"83,3/16,7";"10/2";12
"POPTR_0005s03930.1";442;"T";"A/T";"75,0/25,0";"9/3";12
"POPTR_0017s05660.1";8;"G";"T/G";"57,1/42,9";"8/6";14
"POPTR_0017s05660.1";43;"C";"A";"100,0";81;81
"POPTR_0017s05660.1";78;"A";"T";"100,0";65;65
"POPTR_0017s05660.1";93;"C";"C/A";"53,2/46,8";"25/22";47
"POPTR_0017s05660.1";108;"C";"T/C";"51,9/48,1";"27/25";52
"POPTR_0017s05660.1";116;"A";"G";"100,0";58;58
"POPTR_0017s05660.1";216;"G";"G/A";"66,7/33,3";"48/24";72
"POPTR_0017s05660.1";235;"G";"A";"100,0";51;51
"POPTR_0017s05660.1";247;"G";"C";"100,0";33;33
"POPTR_0017s05660.1";285;"A";"T";"100,0";32;32
"POPTR_0017s05660.1";307;"T";"C";"100,0";33;33
"POPTR_0017s05660.1";350;"A";"G/A";"52,5/47,5";"32/29";61
"POPTR_0017s05660.1";386;"C";"C/T";"65,9/34,1";"27/14";41
"POPTR_0017s05660.1";394;"A";"A/G";"75,5/24,5";"37/12";49
"POPTR_0017s05660.1";413;"C";"T";"100,0";32;32
"POPTR_0017s05660.1";418;"G";"A";"100,0";32;32
"POPTR_0017s05660.1";446;"C";"T";"100,0";37;37
"POPTR_0017s05660.1";498;"T";"G";"100,0";45;45
"POPTR_0017s05660.1";520;"A";"A/T";"58,3/33,3";"7/4";12
"POPTR_0017s05660.1";521;"C";"A/C";"50,0/41,7";"6/5";12
"POPTR_0006s11320.1";174;"G";"G/T";"80,0/20,0";"8/2";10
"POPTR_0006s11320.1";405;"G";"G/C";"54,5/45,5";"6/5";11
"POPTR_0021s00750.1";78;"T";"T/C";"57,1/42,9";"8/6";14
"POPTR_0021s00750.1";145;"A";"A/T";"80,0/20,0";"12/3";15
"POPTR_0021s00750.1";158;"C";"C/A";"81,2/18,8";"13/3";16
"POPTR_0021s00750.1";209;"C";"T/C";"61,5/38,5";"8/5";13
"POPTR_0021s00750.1";378;"T";"C/T";"54,5/45,5";"6/5";11
"POPTR_0021s00750.1";383;"A";"A/G";"50,0/50,0";"5/5";10
"POPTR_0021s00750.1";523;"C";"C/A";"75,0/25,0";"9/3";12
"POPTR_0021s00750.1";672;"T";"T/C";"69,2/30,8";"9/4";13
"POPTR_0021s00750.1";714;"T";"C/T";"70,0/30,0";"14/6";20
"POPTR_0021s00750.1";906;"C";"C/T";"55,0/45,0";"11/9";20
"POPTR_0021s00750.1";1266;"T";"C/T";"64,3/35,7";"9/5";14
"POPTR_0021s00750.1";1368;"A";"G/A";"63,6/36,4";"7/4";11
"POPTR_0021s00750.1";1395;"A";"G/A";"54,5/45,5";"6/5";11
"POPTR_0021s00750.1";1434;"A";"A/G";"53,8/46,2";"7/6";13
"POPTR_0021s00750.1";1443;"G";"A";"100,0";14;14
"POPTR_0003s15580.1";216;"T";"C/T";"58,3/41,7";"7/5";12
"POPTR_0003s15580.1";316;"A";"G";"100,0";14;14
"POPTR_0003s15580.1";554;"C";"T/C";"58,3/41,7";"7/5";12
"POPTR_0013s03780.2";1148;"A";"C/A";"72,7/27,3";"8/3";11
"POPTR_0013s03780.2";1162;"A";"G/A";"72,7/27,3";"8/3";11
"POPTR_0013s12070.1";4529;"G";"A/G";"60,0/40,0";"6/4";10
"POPTR_0004s15540.1";2416;"C";"G";"100,0";11;11
"POPTR_0009s04910.1";190;"A";"A/C";"84,6/15,4";"11/2";13
"POPTR_0009s04910.1";202;"A";"C/A";"61,1/38,9";"11/7";18
"POPTR_0009s11260.1";265;"G";"A/G";"81,8/18,2";"9/2";11
"POPTR_0009s11260.1";891;"T";"T/A";"61,5/38,5";"8/5";13
"POPTR_0009s11260.1";1292;"G";"A/G";"50,0/50,0";"5/5";10
"POPTR_0009s11260.1";1293;"T";"G/T";"50,0/50,0";"5/5";10
"POPTR_0009s11260.1";1896;"C";"T/C";"60,0/40,0";"6/4";10
"POPTR_0009s11260.1";1904;"A";"A/G";"66,7/33,3";"8/4";12
"POPTR_0009s11260.1";2021;"C";"T/C";"81,8/18,2";"9/2";11
"POPTR_0009s11260.1";2177;"C";"T";"100,0";10;10
"POPTR_0009s11260.1";2421;"T";"C";"100,0";10;10
"POPTR_0012s04010.1";30;"T";"A/T";"72,2/27,8";"13/5";18
"POPTR_0012s04010.1";116;"C";"C/A";"52,6/47,4";"10/9";19
"POPTR_0012s04010.1";357;"C";"T/C";"54,0/46,0";"27/23";50
"POPTR_0012s04010.1";396;"C";"T/C";"58,5/41,5";"24/17";41
"POPTR_0012s04010.1";406;"C";"A/C";"55,0/45,0";"22/18";40
"POPTR_0012s04010.1";409;"C";"C/A";"52,1/47,9";"25/23";48
"POPTR_0012s04010.1";477;"C";"T/C";"54,9/45,1";"28/23";51
"POPTR_0012s04010.1";513;"C";"C/G";"55,0/45,0";"33/27";60
"POPTR_0012s04010.1";588;"T";"G/T";"60,0/40,0";"27/18";45
"POPTR_0012s04010.1";621;"T";"C/T";"54,0/46,0";"27/23";50
"POPTR_0012s04010.1";627;"T";"C/T";"51,0/49,0";"25/24";49
"POPTR_0012s04010.1";642;"G";"G/T";"62,9/37,1";"22/13";35
"POPTR_0012s04010.1";678;"C";"C/T";"55,6/44,4";"25/20";45
"POPTR_0012s04010.1";681;"T";"T/C";"51,0/49,0";"25/24";49
"POPTR_0012s04010.1";733;"T";"A";"100,0";31;31
"POPTR_0012s04010.1";786;"G";"T";"100,0";16;16
"POPTR_0012s04010.1";885;"T";"T/A";"54,1/45,9";"20/17";37
"POPTR_0012s04010.1";926;"C";"T";"100,0";22;22
"POPTR_0012s07850.1";100;"G";"G/C";"76,0/24,0";"19/6";25
"POPTR_0012s07850.1";109;"A";"A/G";"73,3/26,7";"11/4";15
"POPTR_0012s07850.1";777;"C";"C/A";"73,7/26,3";"14/5";19
"POPTR_0012s07850.1";1047;"T";"G";"100,0";34;34
"POPTR_0012s07850.1";1077;"A";"A/G";"65,0/35,0";"26/14";40
"POPTR_0015s05400.1";39;"T";"T/C";"80,0/20,0";"8/2";10
"POPTR_0015s05400.1";45;"T";"C";"100,0";10;10
"POPTR_0015s05400.1";121;"T";"T/A";"75,0/25,0";"12/4";16
"POPTR_0015s05400.1";216;"A";"G";"100,0";35;35
"POPTR_0015s05400.1";264;"G";"C";"100,0";16;16
"POPTR_0015s05400.1";297;"T";"G/T";"50,0/50,0";"6/6";12
"POPTR_0015s05400.1";363;"C";"T/C";"52,2/47,8";"12/11";23
"POPTR_0015s05400.1";365;"G";"T/G";"54,2/45,8";"13/11";24
"POPTR_0015s05400.1";441;"A";"G/A";"78,9/21,1";"15/4";19
"POPTR_0015s05400.1";450;"T";"T/A";"71,4/28,6";"15/6";21
"POPTR_0015s05400.1";594;"T";"C/T";"72,4/27,6";"21/8";29
"POPTR_0015s05400.1";669;"C";"T";"100,0";34;34
"POPTR_0015s05400.1";736;"T";"C/T";"71,1/28,9";"27/11";38
"POPTR_0015s05400.1";858;"T";"C/T";"85,0/15,0";"17/3";20
"POPTR_0015s05400.1";870;"T";"C";"100,0";17;17
"POPTR_0015s08320.1";85;"T";"C/T";"54,5/45,5";"6/5";11
"POPTR_0015s08320.1";210;"A";"G";"100,0";22;22
"POPTR_0015s08320.1";368;"G";"T";"100,0";26;26
"POPTR_0015s08320.1";474;"A";"G/A";"66,7/33,3";"14/7";21
"POPTR_0015s08320.1";852;"C";"C/T";"54,5/45,5";"12/10";22
"POPTR_0015s08320.1";958;"T";"C/T";"70,8/29,2";"17/7";24
"POPTR_0015s08320.1";981;"T";"T/A";"70,0/30,0";"21/9";30
"POPTR_0015s08320.1";999;"A";"A/G";"71,0/29,0";"22/9";31
"POPTR_0015s08320.1";1077;"T";"C/T";"51,3/48,7";"20/19";39
"POPTR_0015s08320.1";1155;"A";"A/G";"61,9/38,1";"13/8";21
"POPTR_0015s08320.1";1350;"C";"T/C";"71,4/28,6";"15/6";21
"POPTR_0015s08320.1";1410;"C";"T";"100,0";26;26
"POPTR_0015s08320.1";1443;"C";"C/T";"61,3/38,7";"19/12";31
"POPTR_0015s08320.1";1516;"C";"A/C";"55,2/44,8";"16/13";29
"POPTR_0015s08320.1";1551;"T";"A/T";"57,7/42,3";"15/11";26
"POPTR_0015s08320.1";1578;"T";"G/T";"57,7/42,3";"15/11";26
"POPTR_0015s08320.1";1617;"T";"T/A";"57,1/40,0";"20/14";35
"POPTR_0015s08320.1";1674;"A";"A/G";"63,6/36,4";"7/4";11
"POPTR_0001s26610.1";399;"T";"T/C";"84,6/15,4";"11/2";13
"POPTR_0001s26610.1";873;"C";"T/C";"82,4/17,6";"14/3";17
"POPTR_0001s26610.1";1044;"C";"T";"100,0";14;14
"POPTR_0001s26610.1";1095;"T";"C";"90,0";9;10
"POPTR_0001s26610.1";1281;"T";"C";"100,0";15;15
"POPTR_0001s26610.1";1341;"G";"A/G";"80,0/20,0";"16/4";20
"POPTR_0001s26610.1";1452;"C";"T/C";"84,0/16,0";"21/4";25
"POPTR_0001s26610.1";1483;"G";"C";"100,0";13;13
"POPTR_0001s26610.1";1599;"C";"T/C";"80,0/20,0";"16/4";20
"POPTR_0001s26610.1";1648;"A";"A/T";"76,0/24,0";"19/6";25
"POPTR_0001s26610.1";1703;"C";"T";"92,9";13;14
"POPTR_0001s26610.1";1877;"C";"T";"100,0";12;12
"POPTR_0001s22840.1";132;"C";"T/C";"53,3/46,7";"8/7";15
"POPTR_0001s21520.1";72;"C";"A";"100,0";10;10
"POPTR_0001s21520.1";171;"T";"T/G";"80,0/20,0";"12/3";15
"POPTR_0001s21520.1";465;"A";"T/A";"73,7/26,3";"14/5";19
"POPTR_0001s21520.1";523;"T";"C";"100,0";11;11
"POPTR_0001s21520.1";567;"C";"C/G";"81,8/18,2";"9/2";11
"POPTR_0001s31270.1";1833;"A";"T/A";"70,0/30,0";"14/6";20
"POPTR_0001s31270.1";1884;"C";"C/T";"50,0/50,0";"6/6";12
"POPTR_0001s31270.1";1947;"A";"A/T";"55,0/45,0";"11/9";20
"POPTR_0001s25750.1";108;"A";"A/G";"81,8/18,2";"9/2";11
"POPTR_0010s08200.1";258;"C";"C/T";"50,0/50,0";"6/6";12
"POPTR_0010s08200.1";270;"A";"A/C";"50,0/50,0";"6/6";12
"POPTR_0010s08200.1";639;"G";"A/G";"66,7/33,3";"8/4";12
"POPTR_0010s08200.1";724;"C";"C/T";"75,0/25,0";"9/3";12
"POPTR_0010s08200.1";1714;"C";"G/C";"75,0/25,0";"9/3";12
"POPTR_0010s05750.1";1296;"C";"A";"100,0";10;10
"POPTR_0010s10000.1";1951;"C";"C/T";"81,8/18,2";"9/2";11
"POPTR_0010s10000.1";1953;"C";"C/T";"54,5/45,5";"6/5";11
"POPTR_0010s10000.1";4237;"G";"G/A";"75,0/25,0";"12/4";16
"POPTR_0010s10000.1";4238;"G";"T/G";"72,2/27,8";"13/5";18
"POPTR_0010s10000.1";4605;"A";"A/T";"81,8/18,2";"9/2";11
"POPTR_0007s11920.1";168;"A";"A/C";"50,0/50,0";"5/5";10
"POPTR_0007s11920.1";468;"A";"A/G";"50,0/50,0";"7/7";14
"POPTR_0007s11920.1";476;"T";"G";"100,0";14;14
"POPTR_0007s11920.1";564;"T";"T/A";"75,0/25,0";"9/3";12
"POPTR_0007s11920.1";577;"A";"A/C";"83,3/16,7";"10/2";12
"POPTR_0007s11920.1";582;"T";"C/T";"50,0/50,0";"8/8";16
"POPTR_0007s11920.1";985;"A";"G";"100,0";12;12
"POPTR_0007s11920.1";1017;"C";"C/T";"50,0/50,0";"5/5";10
"POPTR_0007s11920.1";1362;"A";"A/G";"54,5/45,5";"6/5";11
"POPTR_0007s11920.1";1396;"T";"T/C";"81,8/18,2";"9/2";11
"POPTR_0007s11920.1";1428;"G";"G/A";"80,0/20,0";"8/2";10
"POPTR_0007s11920.1";1440;"A";"G";"100,0";10;10
"POPTR_0007s11920.1";1836;"A";"G/A";"53,3/46,7";"8/7";15
"POPTR_0007s11920.1";1941;"T";"C";"100,0";12;12
"POPTR_0007s11920.1";2244;"T";"A/T";"64,3/35,7";"9/5";14
"POPTR_0007s11920.1";2295;"T";"C/T";"50,0/50,0";"7/7";14
"POPTR_0007s11920.1";2335;"C";"C/A";"58,3/41,7";"7/5";12
"POPTR_0007s11920.1";2517;"C";"G/C";"58,3/41,7";"7/5";12
"POPTR_0007s11920.1";2626;"A";"G";"100,0";20;20
"POPTR_0002s09730.1";137;"A";"T/A";"55,0/45,0";"11/9";20
"POPTR_0002s09730.1";140;"A";"T/A";"57,9/42,1";"11/8";19
"POPTR_0002s09730.1";345;"A";"G";"100,0";29;29
"POPTR_0002s09730.1";423;"C";"T";"100,0";22;22
"POPTR_0002s09730.1";439;"C";"C/T";"60,0/40,0";"12/8";20
"POPTR_0002s09730.1";536;"A";"A/G";"70,0/30,0";"21/9";30
"POPTR_0002s09730.1";540;"A";"C/A";"68,6/31,4";"24/11";35
"POPTR_0002s09730.1";570;"T";"A/T";"63,6/31,8";"14/7";22
"POPTR_0002s09730.1";801;"G";"A/G";"57,7/42,3";"30/22";52
"POPTR_0002s09730.1";828;"A";"C";"92,6";25;27
"POPTR_0002s09730.1";962;"G";"A";"100,0";18;18
"POPTR_0002s09730.1";1077;"G";"T";"100,0";17;17
"POPTR_0002s09730.1";1224;"C";"C/T";"58,1/41,9";"25/18";43
"POPTR_0002s09730.1";1275;"T";"C";"100,0";21;21
"POPTR_0002s09730.1";1533;"A";"G/A";"61,8/38,2";"21/13";34
"POPTR_0002s09730.1";1596;"T";"A/T";"60,0/40,0";"27/18";45
"POPTR_0002s09730.1";1597;"G";"G/A";"62,2/37,8";"28/17";45
"POPTR_0002s09730.1";1822;"G";"T";"100,0";42;42
"POPTR_0002s09730.1";1832;"T";"C";"100,0";40;40
"POPTR_0002s09730.1";1950;"T";"A/T";"66,7/33,3";"30/15";45
"POPTR_0002s14090.1";954;"G";"A/G";"50,0/50,0";"5/5";10
"POPTR_0008s15060.1";618;"T";"T/C";"61,5/38,5";"8/5";13
"POPTR_0008s15060.1";699;"G";"G/T";"60,0/40,0";"6/4";10
"POPTR_0008s15060.1";732;"T";"C/T";"71,4/28,6";"10/4";14
"POPTR_0008s15060.1";750;"G";"A/G";"64,3/35,7";"9/5";14
"POPTR_0008s15060.1";996;"A";"A/C";"54,5/45,5";"6/5";11
"POPTR_0008s15060.1";1052;"C";"C/T";"50,0/50,0";"5/5";10
"POPTR_0008s15060.1";1301;"A";"A/T";"55,0/45,0";"11/9";20
"POPTR_0008s15060.1";1308;"T";"T/G";"55,0/45,0";"11/9";20
"POPTR_0008s15060.1";1395;"G";"A";"100,0";13;13
"POPTR_0008s15060.1";1712;"G";"A";"100,0";12;12
"POPTR_0008s15060.1";1738;"C";"G";"100,0";11;11
"POPTR_0008s15060.1";1933;"A";"G";"100,0";12;12
"POPTR_0008s15060.1";2140;"C";"T/C";"53,3/46,7";"8/7";15
"POPTR_0008s15060.1";2298;"T";"T/C";"71,4/28,6";"10/4";14
"POPTR_0008s15060.1";2415;"T";"T/C";"63,2/36,8";"12/7";19
"POPTR_0008s15060.1";2451;"G";"G/T";"69,2/30,8";"9/4";13
"POPTR_0008s15060.1";2616;"A";"A/T";"60,0/40,0";"9/6";15
"POPTR_0008s15060.1";2784;"A";"G";"100,0";16;16
"POPTR_0008s15060.1";2881;"A";"A/G";"84,6/15,4";"11/2";13
"POPTR_0008s15060.1";2916;"G";"A/G";"50,0/50,0";"5/5";10
"POPTR_0008s15060.1";2922;"A";"A/G";"53,8/46,2";"7/6";13
"POPTR_0008s15060.1";2972;"A";"T/A";"53,8/46,2";"7/6";13
"POPTR_0008s15060.1";3138;"T";"C";"100,0";19;19
"POPTR_0008s15060.1";3153;"T";"A/T";"55,0/45,0";"11/9";20
"POPTR_0008s15060.1";3188;"C";"C/T";"57,1/42,9";"8/6";14
"POPTR_0008s15060.1";3328;"G";"G/C";"61,1/38,9";"11/7";18
"POPTR_0008s15060.1";3411;"T";"A";"100,0";24;24
"POPTR_0008s15060.1";3412;"A";"A/T";"60,9/39,1";"14/9";23
"POPTR_0008s15060.1";3461;"C";"C/T";"50,0/50,0";"7/7";14
"POPTR_0008s15060.1";3595;"G";"A/G";"50,0/50,0";"5/5";10
"POPTR_0008s15060.1";3644;"G";"T";"100,0";21;21
"POPTR_0008s15060.1";3657;"T";"T/C";"61,1/38,9";"11/7";18
"POPTR_0008s15060.1";3834;"G";"A";"100,0";11;11
"POPTR_0008s15060.1";3927;"T";"C";"100,0";15;15
"POPTR_0008s15060.1";3939;"A";"A/T";"65,0/35,0";"13/7";20
"POPTR_0008s15060.1";3960;"G";"G/A";"61,5/38,5";"8/5";13
"POPTR_0008s15060.1";4092;"T";"C";"100,0";31;31
"POPTR_0008s15060.1";4137;"A";"C";"100,0";20;20
"POPTR_0008s15060.1";4182;"C";"C/T";"75,0/25,0";"15/5";20
"POPTR_0008s15060.1";4245;"C";"T";"95,0";19;20
"POPTR_0008s15060.1";4257;"G";"A";"100,0";21;21
"POPTR_0008s15060.1";4468;"G";"G/A";"70,0/30,0";"7/3";10
"POPTR_0008s15060.1";4555;"A";"T";"100,0";20;20
"POPTR_0008s15060.1";4556;"A";"C";"100,0";21;21
"POPTR_0008s15060.1";4624;"T";"G";"100,0";22;22
"POPTR_0008s15060.1";4686;"T";"T/C";"55,6/44,4";"10/8";18
"POPTR_0008s15060.1";4697;"C";"C/T";"57,1/42,9";"8/6";14
